{
  "mean": [
    23.0,
    468.57740080026673,
    0.0002489248082694231,
    0.0002489248082694231,
    450.18302830626874,
    1.0,
    5180.0,
    13.780977917639214,
    -110.64158886295432,
    167.33127709236413,
    0.0,
    1.3781260420140047,
    9.657302434144714,
    0.0,
    0.13358619539846617,
    73.25458486162054,
    36.0,
    59.58417794931644,
    5180.0,
    -46.25116705568523,
    6.160220073357786,
    2.3898799599866623,
    39.461820606868955,
    1.4813271090363453,
    28.65888629543181,
    7042403.376250417,
    750978092.9288096,
    12819.841113704568,
    0.3502000666888963,
    2561226.1897715908,
    759876688.1413388,
    6003.691063687896,
    10.546517837529176,
    493.1495081693898,
    0.0,
    0.0,
    0.0,
    2.838900466822274e-05,
    0.0,
    0.0
  ],
  "scale": [
    1.0,
    657.3720060431709,
    0.0019043532775547011,
    0.0019043532775547011,
    187.34656187511158,
    1.0,
    1.0,
    12.900005157074489,
    68.00390039867443,
    450.5645461664255,
    1.0,
    0.5286727290143756,
    1.8414381581780606,
    1.0,
    1.27386940378863,
    83.17488239751228,
    1.0,
    57.88505162995915,
    1.0,
    13.76549184471847,
    1.4609812594043219,
    3.3997642689785725,
    64.75555229737144,
    1.933127112438883,
    208.4773371702496,
    163395968.8198908,
    1261299202.191505,
    22756.30371017439,
    0.4770324726682544,
    55785766.426636115,
    1258435620.275437,
    16435.847363053846,
    51.028421008469806,
    5017.610487908151,
    1.0,
    1.0,
    1.0,
    0.001488017874220202,
    1.0,
    1.0
  ],
  "var": [
    0.0,
    432137.95432922273,
    3.6265614057333325e-06,
    3.6265614057333325e-06,
    35098.73424642501,
    0.0,
    0.0,
    166.41013305254842,
    4624.530469432833,
    203008.41026215698,
    0.0,
    0.27949485440350735,
    3.390894490394208,
    0.0,
    1.6227432579088,
    6918.061061839999,
    0.0,
    3350.6792022030363,
    0.0,
    189.4887657270107,
    2.1344662403306383,
    11.558397084623408,
    4193.281553337608,
    3.7369804328462934,
    43462.800113597936,
    2.669824262659073e+16,
    1.5908756774489267e+18,
    517849358.5496967,
    0.22755997997998886,
    3112051735807201.0,
    1.583660210378024e+18,
    270137078.54160404,
    2603.8997506176424,
    25176415.008365877,
    0.0,
    0.0,
    0.0,
    2.2141971939988088e-06,
    0.0,
    0.0
  ]
}